0,60,{'Description': 'N/A'},10-10,Left or right ear lobe,"Electro-Cap International, Inc.",motion,64,continuous,125,160,0,0,0
1,60,{'Description': 'N/A'},10-10,Left or right ear lobe,"Electro-Cap International, Inc.",motion,64,continuous,125,160,0,0,0
2,60,{'Description': 'N/A'},10-10,Left or right ear lobe,"Electro-Cap International, Inc.",motion,64,continuous,125,160,0,0,0
3,60,{'Description': 'N/A'},10-10,Left or right ear lobe,"Electro-Cap International, Inc.",motion,64,continuous,125,160,0,0,0
4,60,{'Description': 'N/A'},10-10,Left or right ear lobe,"Electro-Cap International, Inc.",motion,64,continuous,125,160,0,0,0
5,60,{'Description': 'N/A'},10-10,Left or right ear lobe,"Electro-Cap International, Inc.",motion,64,continuous,123,160,0,0,0
6,60,{'Description': 'N/A'},10-10,Left or right ear lobe,"Electro-Cap International, Inc.",motion,64,continuous,123,160,0,0,0
7,60,{'Description': 'N/A'},10-10,Left or right ear lobe,"Electro-Cap International, Inc.",motion,64,continuous,123,160,0,0,0
8,60,{'Description': 'N/A'},10-10,Left or right ear lobe,"Electro-Cap International, Inc.",motion,64,continuous,123,160,0,0,0
9,60,{'Description': 'N/A'},10-10,Left or right ear lobe,"Electro-Cap International, Inc.",motion,64,continuous,123,160,0,0,0
10,60,{'Description': 'N/A'},10-10,Left or right ear lobe,"Electro-Cap International, Inc.",motion,64,continuous,125,160,0,0,0
11,60,{'Description': 'N/A'},10-10,Left or right ear lobe,"Electro-Cap International, Inc.",motion,64,continuous,125,160,0,0,0
12,60,{'Description': 'N/A'},10-10,Left or right ear lobe,"Electro-Cap International, Inc.",motion,64,continuous,125,160,0,0,0
13,60,{'Description': 'N/A'},10-10,Left or right ear lobe,"Electro-Cap International, Inc.",motion,64,continuous,125,160,0,0,0
14,60,{'Description': 'N/A'},10-10,Left or right ear lobe,"Electro-Cap International, Inc.",motion,64,continuous,125,160,0,0,0
15,60,{'Description': 'N/A'},10-10,Left or right ear lobe,"Electro-Cap International, Inc.",motion,64,continuous,123,160,0,0,0
16,60,{'Description': 'N/A'},10-10,Left or right ear lobe,"Electro-Cap International, Inc.",motion,64,continuous,123,160,0,0,0
17,60,{'Description': 'N/A'},10-10,Left or right ear lobe,"Electro-Cap International, Inc.",motion,64,continuous,123,160,0,0,0
18,60,{'Description': 'N/A'},10-10,Left or right ear lobe,"Electro-Cap International, Inc.",motion,64,continuous,123,160,0,0,0
19,60,{'Description': 'N/A'},10-10,Left or right ear lobe,"Electro-Cap International, Inc.",motion,64,continuous,123,160,0,0,0
20,60,{'Description': 'N/A'},10-10,Left or right ear lobe,"Electro-Cap International, Inc.",motion,64,continuous,123,160,0,0,0
21,60,{'Description': 'N/A'},10-10,Left or right ear lobe,"Electro-Cap International, Inc.",motion,64,continuous,123,160,0,0,0
22,60,{'Description': 'N/A'},10-10,Left or right ear lobe,"Electro-Cap International, Inc.",motion,64,continuous,123,160,0,0,0
23,60,{'Description': 'N/A'},10-10,Left or right ear lobe,"Electro-Cap International, Inc.",motion,64,continuous,123,160,0,0,0
24,60,{'Description': 'N/A'},10-10,Left or right ear lobe,"Electro-Cap International, Inc.",motion,64,continuous,123,160,0,0,0
25,60,{'Description': 'N/A'},10-10,Left or right ear lobe,"Electro-Cap International, Inc.",motion,64,continuous,123,160,0,0,0
26,60,{'Description': 'N/A'},10-10,Left or right ear lobe,"Electro-Cap International, Inc.",motion,64,continuous,123,160,0,0,0
27,60,{'Description': 'N/A'},10-10,Left or right ear lobe,"Electro-Cap International, Inc.",motion,64,continuous,123,160,0,0,0
28,60,{'Description': 'N/A'},10-10,Left or right ear lobe,"Electro-Cap International, Inc.",motion,64,continuous,123,160,0,0,0
29,60,{'Description': 'N/A'},10-10,Left or right ear lobe,"Electro-Cap International, Inc.",motion,64,continuous,123,160,0,0,0
30,60,{'Description': 'N/A'},10-10,Left or right ear lobe,"Electro-Cap International, Inc.",motion,64,continuous,125,160,0,0,0
31,60,{'Description': 'N/A'},10-10,Left or right ear lobe,"Electro-Cap International, Inc.",motion,64,continuous,125,160,0,0,0
32,60,{'Description': 'N/A'},10-10,Left or right ear lobe,"Electro-Cap International, Inc.",motion,64,continuous,125,160,0,0,0
33,60,{'Description': 'N/A'},10-10,Left or right ear lobe,"Electro-Cap International, Inc.",motion,64,continuous,125,160,0,0,0
34,60,{'Description': 'N/A'},10-10,Left or right ear lobe,"Electro-Cap International, Inc.",motion,64,continuous,125,160,0,0,0
35,60,{'Description': 'N/A'},10-10,Left or right ear lobe,"Electro-Cap International, Inc.",motion,64,continuous,123,160,0,0,0
36,60,{'Description': 'N/A'},10-10,Left or right ear lobe,"Electro-Cap International, Inc.",motion,64,continuous,123,160,0,0,0
37,60,{'Description': 'N/A'},10-10,Left or right ear lobe,"Electro-Cap International, Inc.",motion,64,continuous,123,160,0,0,0
38,60,{'Description': 'N/A'},10-10,Left or right ear lobe,"Electro-Cap International, Inc.",motion,64,continuous,123,160,0,0,0
39,60,{'Description': 'N/A'},10-10,Left or right ear lobe,"Electro-Cap International, Inc.",motion,64,continuous,123,160,0,0,0
40,60,{'Description': 'N/A'},10-10,Left or right ear lobe,"Electro-Cap International, Inc.",motion,64,continuous,123,160,0,0,0
41,60,{'Description': 'N/A'},10-10,Left or right ear lobe,"Electro-Cap International, Inc.",motion,64,continuous,123,160,0,0,0
42,60,{'Description': 'N/A'},10-10,Left or right ear lobe,"Electro-Cap International, Inc.",motion,64,continuous,123,160,0,0,0
43,60,{'Description': 'N/A'},10-10,Left or right ear lobe,"Electro-Cap International, Inc.",motion,64,continuous,123,160,0,0,0
44,60,{'Description': 'N/A'},10-10,Left or right ear lobe,"Electro-Cap International, Inc.",motion,64,continuous,123,160,0,0,0
45,60,{'Description': 'N/A'},10-10,Left or right ear lobe,"Electro-Cap International, Inc.",motion,64,continuous,123,160,0,0,0
46,60,{'Description': 'N/A'},10-10,Left or right ear lobe,"Electro-Cap International, Inc.",motion,64,continuous,123,160,0,0,0
47,60,{'Description': 'N/A'},10-10,Left or right ear lobe,"Electro-Cap International, Inc.",motion,64,continuous,123,160,0,0,0
48,60,{'Description': 'N/A'},10-10,Left or right ear lobe,"Electro-Cap International, Inc.",motion,64,continuous,123,160,0,0,0
49,60,{'Description': 'N/A'},10-10,Left or right ear lobe,"Electro-Cap International, Inc.",motion,64,continuous,123,160,0,0,0
50,60,{'Description': 'N/A'},10-10,Left or right ear lobe,"Electro-Cap International, Inc.",motion,64,continuous,123,160,0,0,0
51,60,{'Description': 'N/A'},10-10,Left or right ear lobe,"Electro-Cap International, Inc.",motion,64,continuous,123,160,0,0,0
52,60,{'Description': 'N/A'},10-10,Left or right ear lobe,"Electro-Cap International, Inc.",motion,64,continuous,123,160,0,0,0
53,60,{'Description': 'N/A'},10-10,Left or right ear lobe,"Electro-Cap International, Inc.",motion,64,continuous,123,160,0,0,0
54,60,{'Description': 'N/A'},10-10,Left or right ear lobe,"Electro-Cap International, Inc.",motion,64,continuous,123,160,0,0,0
55,60,{'Description': 'N/A'},10-10,Left or right ear lobe,"Electro-Cap International, Inc.",motion,64,continuous,123,160,0,0,0
56,60,{'Description': 'N/A'},10-10,Left or right ear lobe,"Electro-Cap International, Inc.",motion,64,continuous,123,160,0,0,0
57,60,{'Description': 'N/A'},10-10,Left or right ear lobe,"Electro-Cap International, Inc.",motion,64,continuous,123,160,0,0,0
58,60,{'Description': 'N/A'},10-10,Left or right ear lobe,"Electro-Cap International, Inc.",motion,64,continuous,123,160,0,0,0
59,60,{'Description': 'N/A'},10-10,Left or right ear lobe,"Electro-Cap International, Inc.",motion,64,continuous,123,160,0,0,0
60,60,{'Description': 'N/A'},10-10,Left or right ear lobe,"Electro-Cap International, Inc.",motion,64,continuous,123,160,0,0,0
61,60,{'Description': 'N/A'},10-10,Left or right ear lobe,"Electro-Cap International, Inc.",motion,64,continuous,123,160,0,0,0
62,60,{'Description': 'N/A'},10-10,Left or right ear lobe,"Electro-Cap International, Inc.",motion,64,continuous,123,160,0,0,0
63,60,{'Description': 'N/A'},10-10,Left or right ear lobe,"Electro-Cap International, Inc.",motion,64,continuous,123,160,0,0,0
64,60,{'Description': 'N/A'},10-10,Left or right ear lobe,"Electro-Cap International, Inc.",motion,64,continuous,123,160,0,0,0
65,60,{'Description': 'N/A'},10-10,Left or right ear lobe,"Electro-Cap International, Inc.",motion,64,continuous,123,160,0,0,0
66,60,{'Description': 'N/A'},10-10,Left or right ear lobe,"Electro-Cap International, Inc.",motion,64,continuous,123,160,0,0,0
67,60,{'Description': 'N/A'},10-10,Left or right ear lobe,"Electro-Cap International, Inc.",motion,64,continuous,123,160,0,0,0
68,60,{'Description': 'N/A'},10-10,Left or right ear lobe,"Electro-Cap International, Inc.",motion,64,continuous,123,160,0,0,0
69,60,{'Description': 'N/A'},10-10,Left or right ear lobe,"Electro-Cap International, Inc.",motion,64,continuous,123,160,0,0,0
70,60,{'Description': 'N/A'},10-10,Left or right ear lobe,"Electro-Cap International, Inc.",motion,64,continuous,123,160,0,0,0
71,60,{'Description': 'N/A'},10-10,Left or right ear lobe,"Electro-Cap International, Inc.",motion,64,continuous,123,160,0,0,0
72,60,{'Description': 'N/A'},10-10,Left or right ear lobe,"Electro-Cap International, Inc.",motion,64,continuous,123,160,0,0,0
73,60,{'Description': 'N/A'},10-10,Left or right ear lobe,"Electro-Cap International, Inc.",motion,64,continuous,123,160,0,0,0
74,60,{'Description': 'N/A'},10-10,Left or right ear lobe,"Electro-Cap International, Inc.",motion,64,continuous,123,160,0,0,0
75,60,{'Description': 'N/A'},10-10,Left or right ear lobe,"Electro-Cap International, Inc.",motion,64,continuous,123,160,0,0,0
76,60,{'Description': 'N/A'},10-10,Left or right ear lobe,"Electro-Cap International, Inc.",motion,64,continuous,123,160,0,0,0
77,60,{'Description': 'N/A'},10-10,Left or right ear lobe,"Electro-Cap International, Inc.",motion,64,continuous,123,160,0,0,0
78,60,{'Description': 'N/A'},10-10,Left or right ear lobe,"Electro-Cap International, Inc.",motion,64,continuous,123,160,0,0,0
79,60,{'Description': 'N/A'},10-10,Left or right ear lobe,"Electro-Cap International, Inc.",motion,64,continuous,123,160,0,0,0
80,60,{'Description': 'N/A'},10-10,Left or right ear lobe,"Electro-Cap International, Inc.",motion,64,continuous,123,160,0,0,0
81,60,{'Description': 'N/A'},10-10,Left or right ear lobe,"Electro-Cap International, Inc.",motion,64,continuous,123,160,0,0,0
82,60,{'Description': 'N/A'},10-10,Left or right ear lobe,"Electro-Cap International, Inc.",motion,64,continuous,123,160,0,0,0
83,60,{'Description': 'N/A'},10-10,Left or right ear lobe,"Electro-Cap International, Inc.",motion,64,continuous,123,160,0,0,0
84,60,{'Description': 'N/A'},10-10,Left or right ear lobe,"Electro-Cap International, Inc.",motion,64,continuous,123,160,0,0,0
85,60,{'Description': 'N/A'},10-10,Left or right ear lobe,"Electro-Cap International, Inc.",motion,64,continuous,123,160,0,0,0
86,60,{'Description': 'N/A'},10-10,Left or right ear lobe,"Electro-Cap International, Inc.",motion,64,continuous,123,160,0,0,0
87,60,{'Description': 'N/A'},10-10,Left or right ear lobe,"Electro-Cap International, Inc.",motion,64,continuous,123,160,0,0,0
88,60,{'Description': 'N/A'},10-10,Left or right ear lobe,"Electro-Cap International, Inc.",motion,64,continuous,123,160,0,0,0
89,60,{'Description': 'N/A'},10-10,Left or right ear lobe,"Electro-Cap International, Inc.",motion,64,continuous,123,160,0,0,0
90,60,{'Description': 'N/A'},10-10,Left or right ear lobe,"Electro-Cap International, Inc.",motion,64,continuous,123,160,0,0,0
91,60,{'Description': 'N/A'},10-10,Left or right ear lobe,"Electro-Cap International, Inc.",motion,64,continuous,123,160,0,0,0
92,60,{'Description': 'N/A'},10-10,Left or right ear lobe,"Electro-Cap International, Inc.",motion,64,continuous,123,160,0,0,0
93,60,{'Description': 'N/A'},10-10,Left or right ear lobe,"Electro-Cap International, Inc.",motion,64,continuous,123,160,0,0,0
94,60,{'Description': 'N/A'},10-10,Left or right ear lobe,"Electro-Cap International, Inc.",motion,64,continuous,123,160,0,0,0
95,60,{'Description': 'N/A'},10-10,Left or right ear lobe,"Electro-Cap International, Inc.",motion,64,continuous,123,160,0,0,0
96,60,{'Description': 'N/A'},10-10,Left or right ear lobe,"Electro-Cap International, Inc.",motion,64,continuous,123,160,0,0,0
97,60,{'Description': 'N/A'},10-10,Left or right ear lobe,"Electro-Cap International, Inc.",motion,64,continuous,123,160,0,0,0
98,60,{'Description': 'N/A'},10-10,Left or right ear lobe,"Electro-Cap International, Inc.",motion,64,continuous,123,160,0,0,0
99,60,{'Description': 'N/A'},10-10,Left or right ear lobe,"Electro-Cap International, Inc.",motion,64,continuous,123,160,0,0,0
100,60,{'Description': 'N/A'},10-10,Left or right ear lobe,"Electro-Cap International, Inc.",motion,64,continuous,125,160,0,0,0
101,60,{'Description': 'N/A'},10-10,Left or right ear lobe,"Electro-Cap International, Inc.",motion,64,continuous,125,160,0,0,0
102,60,{'Description': 'N/A'},10-10,Left or right ear lobe,"Electro-Cap International, Inc.",motion,64,continuous,125,160,0,0,0
103,60,{'Description': 'N/A'},10-10,Left or right ear lobe,"Electro-Cap International, Inc.",motion,64,continuous,125,160,0,0,0
104,60,{'Description': 'N/A'},10-10,Left or right ear lobe,"Electro-Cap International, Inc.",motion,64,continuous,125,160,0,0,0
105,60,{'Description': 'N/A'},10-10,Left or right ear lobe,"Electro-Cap International, Inc.",motion,64,continuous,125,160,0,0,0
106,60,{'Description': 'N/A'},10-10,Left or right ear lobe,"Electro-Cap International, Inc.",motion,64,continuous,125,160,0,0,0
107,60,{'Description': 'N/A'},10-10,Left or right ear lobe,"Electro-Cap International, Inc.",motion,64,continuous,125,160,0,0,0
108,60,{'Description': 'N/A'},10-10,Left or right ear lobe,"Electro-Cap International, Inc.",motion,64,continuous,125,160,0,0,0
109,60,{'Description': 'N/A'},10-10,Left or right ear lobe,"Electro-Cap International, Inc.",motion,64,continuous,125,160,0,0,0
110,60,{'Description': 'N/A'},10-10,Left or right ear lobe,"Electro-Cap International, Inc.",motion,64,continuous,123,160,0,0,0
111,60,{'Description': 'N/A'},10-10,Left or right ear lobe,"Electro-Cap International, Inc.",motion,64,continuous,123,160,0,0,0
112,60,{'Description': 'N/A'},10-10,Left or right ear lobe,"Electro-Cap International, Inc.",motion,64,continuous,123,160,0,0,0
113,60,{'Description': 'N/A'},10-10,Left or right ear lobe,"Electro-Cap International, Inc.",motion,64,continuous,123,160,0,0,0
114,60,{'Description': 'N/A'},10-10,Left or right ear lobe,"Electro-Cap International, Inc.",motion,64,continuous,123,160,0,0,0
115,60,{'Description': 'N/A'},10-10,Left or right ear lobe,"Electro-Cap International, Inc.",motion,64,continuous,123,160,0,0,0
116,60,{'Description': 'N/A'},10-10,Left or right ear lobe,"Electro-Cap International, Inc.",motion,64,continuous,123,160,0,0,0
117,60,{'Description': 'N/A'},10-10,Left or right ear lobe,"Electro-Cap International, Inc.",motion,64,continuous,123,160,0,0,0
118,60,{'Description': 'N/A'},10-10,Left or right ear lobe,"Electro-Cap International, Inc.",motion,64,continuous,123,160,0,0,0
119,60,{'Description': 'N/A'},10-10,Left or right ear lobe,"Electro-Cap International, Inc.",motion,64,continuous,123,160,0,0,0
120,60,{'Description': 'N/A'},10-10,Left or right ear lobe,"Electro-Cap International, Inc.",motion,64,continuous,123,160,0,0,0
121,60,{'Description': 'N/A'},10-10,Left or right ear lobe,"Electro-Cap International, Inc.",motion,64,continuous,123,160,0,0,0
122,60,{'Description': 'N/A'},10-10,Left or right ear lobe,"Electro-Cap International, Inc.",motion,64,continuous,123,160,0,0,0
123,60,{'Description': 'N/A'},10-10,Left or right ear lobe,"Electro-Cap International, Inc.",motion,64,continuous,123,160,0,0,0
124,60,{'Description': 'N/A'},10-10,Left or right ear lobe,"Electro-Cap International, Inc.",motion,64,continuous,123,160,0,0,0
125,60,{'Description': 'N/A'},10-10,Left or right ear lobe,"Electro-Cap International, Inc.",motion,64,continuous,123,160,0,0,0
126,60,{'Description': 'N/A'},10-10,Left or right ear lobe,"Electro-Cap International, Inc.",motion,64,continuous,123,160,0,0,0
127,60,{'Description': 'N/A'},10-10,Left or right ear lobe,"Electro-Cap International, Inc.",motion,64,continuous,123,160,0,0,0
128,60,{'Description': 'N/A'},10-10,Left or right ear lobe,"Electro-Cap International, Inc.",motion,64,continuous,123,160,0,0,0
129,60,{'Description': 'N/A'},10-10,Left or right ear lobe,"Electro-Cap International, Inc.",motion,64,continuous,123,160,0,0,0
130,60,{'Description': 'N/A'},10-10,Left or right ear lobe,"Electro-Cap International, Inc.",motion,64,continuous,123,160,0,0,0
131,60,{'Description': 'N/A'},10-10,Left or right ear lobe,"Electro-Cap International, Inc.",motion,64,continuous,123,160,0,0,0
132,60,{'Description': 'N/A'},10-10,Left or right ear lobe,"Electro-Cap International, Inc.",motion,64,continuous,123,160,0,0,0
133,60,{'Description': 'N/A'},10-10,Left or right ear lobe,"Electro-Cap International, Inc.",motion,64,continuous,123,160,0,0,0
134,60,{'Description': 'N/A'},10-10,Left or right ear lobe,"Electro-Cap International, Inc.",motion,64,continuous,123,160,0,0,0
135,60,{'Description': 'N/A'},10-10,Left or right ear lobe,"Electro-Cap International, Inc.",motion,64,continuous,123,160,0,0,0
136,60,{'Description': 'N/A'},10-10,Left or right ear lobe,"Electro-Cap International, Inc.",motion,64,continuous,123,160,0,0,0
137,60,{'Description': 'N/A'},10-10,Left or right ear lobe,"Electro-Cap International, Inc.",motion,64,continuous,123,160,0,0,0
138,60,{'Description': 'N/A'},10-10,Left or right ear lobe,"Electro-Cap International, Inc.",motion,64,continuous,123,160,0,0,0
139,60,{'Description': 'N/A'},10-10,Left or right ear lobe,"Electro-Cap International, Inc.",motion,64,continuous,123,160,0,0,0
140,60,{'Description': 'N/A'},10-10,Left or right ear lobe,"Electro-Cap International, Inc.",motion,64,continuous,124,160,0,0,0
141,60,{'Description': 'N/A'},10-10,Left or right ear lobe,"Electro-Cap International, Inc.",motion,64,continuous,124,160,0,0,0
142,60,{'Description': 'N/A'},10-10,Left or right ear lobe,"Electro-Cap International, Inc.",motion,64,continuous,124,160,0,0,0
143,60,{'Description': 'N/A'},10-10,Left or right ear lobe,"Electro-Cap International, Inc.",motion,64,continuous,124,160,0,0,0
144,60,{'Description': 'N/A'},10-10,Left or right ear lobe,"Electro-Cap International, Inc.",motion,64,continuous,124,160,0,0,0
145,60,{'Description': 'N/A'},10-10,Left or right ear lobe,"Electro-Cap International, Inc.",motion,64,continuous,124,160,0,0,0
146,60,{'Description': 'N/A'},10-10,Left or right ear lobe,"Electro-Cap International, Inc.",motion,64,continuous,124,160,0,0,0
147,60,{'Description': 'N/A'},10-10,Left or right ear lobe,"Electro-Cap International, Inc.",motion,64,continuous,124,160,0,0,0
148,60,{'Description': 'N/A'},10-10,Left or right ear lobe,"Electro-Cap International, Inc.",motion,64,continuous,124,160,0,0,0
149,60,{'Description': 'N/A'},10-10,Left or right ear lobe,"Electro-Cap International, Inc.",motion,64,continuous,124,160,0,0,0
150,60,{'Description': 'N/A'},10-10,Left or right ear lobe,"Electro-Cap International, Inc.",motion,64,continuous,123,160,0,0,0
151,60,{'Description': 'N/A'},10-10,Left or right ear lobe,"Electro-Cap International, Inc.",motion,64,continuous,123,160,0,0,0
152,60,{'Description': 'N/A'},10-10,Left or right ear lobe,"Electro-Cap International, Inc.",motion,64,continuous,123,160,0,0,0
153,60,{'Description': 'N/A'},10-10,Left or right ear lobe,"Electro-Cap International, Inc.",motion,64,continuous,123,160,0,0,0
154,60,{'Description': 'N/A'},10-10,Left or right ear lobe,"Electro-Cap International, Inc.",motion,64,continuous,123,160,0,0,0
155,60,{'Description': 'N/A'},10-10,Left or right ear lobe,"Electro-Cap International, Inc.",motion,64,continuous,125,160,0,0,0
156,60,{'Description': 'N/A'},10-10,Left or right ear lobe,"Electro-Cap International, Inc.",motion,64,continuous,125,160,0,0,0
157,60,{'Description': 'N/A'},10-10,Left or right ear lobe,"Electro-Cap International, Inc.",motion,64,continuous,125,160,0,0,0
158,60,{'Description': 'N/A'},10-10,Left or right ear lobe,"Electro-Cap International, Inc.",motion,64,continuous,125,160,0,0,0
159,60,{'Description': 'N/A'},10-10,Left or right ear lobe,"Electro-Cap International, Inc.",motion,64,continuous,125,160,0,0,0
160,60,{'Description': 'N/A'},10-10,Left or right ear lobe,"Electro-Cap International, Inc.",motion,64,continuous,123,160,0,0,0
161,60,{'Description': 'N/A'},10-10,Left or right ear lobe,"Electro-Cap International, Inc.",motion,64,continuous,123,160,0,0,0
162,60,{'Description': 'N/A'},10-10,Left or right ear lobe,"Electro-Cap International, Inc.",motion,64,continuous,123,160,0,0,0
163,60,{'Description': 'N/A'},10-10,Left or right ear lobe,"Electro-Cap International, Inc.",motion,64,continuous,123,160,0,0,0
164,60,{'Description': 'N/A'},10-10,Left or right ear lobe,"Electro-Cap International, Inc.",motion,64,continuous,123,160,0,0,0
165,60,{'Description': 'N/A'},10-10,Left or right ear lobe,"Electro-Cap International, Inc.",motion,64,continuous,123,160,0,0,0
166,60,{'Description': 'N/A'},10-10,Left or right ear lobe,"Electro-Cap International, Inc.",motion,64,continuous,123,160,0,0,0
167,60,{'Description': 'N/A'},10-10,Left or right ear lobe,"Electro-Cap International, Inc.",motion,64,continuous,123,160,0,0,0
168,60,{'Description': 'N/A'},10-10,Left or right ear lobe,"Electro-Cap International, Inc.",motion,64,continuous,123,160,0,0,0
169,60,{'Description': 'N/A'},10-10,Left or right ear lobe,"Electro-Cap International, Inc.",motion,64,continuous,123,160,0,0,0
170,60,{'Description': 'N/A'},10-10,Left or right ear lobe,"Electro-Cap International, Inc.",motion,64,continuous,125,160,0,0,0
171,60,{'Description': 'N/A'},10-10,Left or right ear lobe,"Electro-Cap International, Inc.",motion,64,continuous,125,160,0,0,0
172,60,{'Description': 'N/A'},10-10,Left or right ear lobe,"Electro-Cap International, Inc.",motion,64,continuous,125,160,0,0,0
173,60,{'Description': 'N/A'},10-10,Left or right ear lobe,"Electro-Cap International, Inc.",motion,64,continuous,125,160,0,0,0
174,60,{'Description': 'N/A'},10-10,Left or right ear lobe,"Electro-Cap International, Inc.",motion,64,continuous,125,160,0,0,0
175,60,{'Description': 'N/A'},10-10,Left or right ear lobe,"Electro-Cap International, Inc.",motion,64,continuous,123,160,0,0,0
176,60,{'Description': 'N/A'},10-10,Left or right ear lobe,"Electro-Cap International, Inc.",motion,64,continuous,123,160,0,0,0
177,60,{'Description': 'N/A'},10-10,Left or right ear lobe,"Electro-Cap International, Inc.",motion,64,continuous,123,160,0,0,0
178,60,{'Description': 'N/A'},10-10,Left or right ear lobe,"Electro-Cap International, Inc.",motion,64,continuous,123,160,0,0,0
179,60,{'Description': 'N/A'},10-10,Left or right ear lobe,"Electro-Cap International, Inc.",motion,64,continuous,123,160,0,0,0
180,60,{'Description': 'N/A'},10-10,Left or right ear lobe,"Electro-Cap International, Inc.",motion,64,continuous,123,160,0,0,0
181,60,{'Description': 'N/A'},10-10,Left or right ear lobe,"Electro-Cap International, Inc.",motion,64,continuous,123,160,0,0,0
182,60,{'Description': 'N/A'},10-10,Left or right ear lobe,"Electro-Cap International, Inc.",motion,64,continuous,123,160,0,0,0
183,60,{'Description': 'N/A'},10-10,Left or right ear lobe,"Electro-Cap International, Inc.",motion,64,continuous,123,160,0,0,0
184,60,{'Description': 'N/A'},10-10,Left or right ear lobe,"Electro-Cap International, Inc.",motion,64,continuous,123,160,0,0,0
185,60,{'Description': 'N/A'},10-10,Left or right ear lobe,"Electro-Cap International, Inc.",motion,64,continuous,123,160,0,0,0
186,60,{'Description': 'N/A'},10-10,Left or right ear lobe,"Electro-Cap International, Inc.",motion,64,continuous,123,160,0,0,0
187,60,{'Description': 'N/A'},10-10,Left or right ear lobe,"Electro-Cap International, Inc.",motion,64,continuous,123,160,0,0,0
188,60,{'Description': 'N/A'},10-10,Left or right ear lobe,"Electro-Cap International, Inc.",motion,64,continuous,123,160,0,0,0
189,60,{'Description': 'N/A'},10-10,Left or right ear lobe,"Electro-Cap International, Inc.",motion,64,continuous,123,160,0,0,0
190,60,{'Description': 'N/A'},10-10,Left or right ear lobe,"Electro-Cap International, Inc.",motion,64,continuous,123,160,0,0,0
191,60,{'Description': 'N/A'},10-10,Left or right ear lobe,"Electro-Cap International, Inc.",motion,64,continuous,123,160,0,0,0
192,60,{'Description': 'N/A'},10-10,Left or right ear lobe,"Electro-Cap International, Inc.",motion,64,continuous,123,160,0,0,0
193,60,{'Description': 'N/A'},10-10,Left or right ear lobe,"Electro-Cap International, Inc.",motion,64,continuous,123,160,0,0,0
194,60,{'Description': 'N/A'},10-10,Left or right ear lobe,"Electro-Cap International, Inc.",motion,64,continuous,123,160,0,0,0
195,60,{'Description': 'N/A'},10-10,Left or right ear lobe,"Electro-Cap International, Inc.",motion,64,continuous,123,160,0,0,0
196,60,{'Description': 'N/A'},10-10,Left or right ear lobe,"Electro-Cap International, Inc.",motion,64,continuous,123,160,0,0,0
197,60,{'Description': 'N/A'},10-10,Left or right ear lobe,"Electro-Cap International, Inc.",motion,64,continuous,123,160,0,0,0
198,60,{'Description': 'N/A'},10-10,Left or right ear lobe,"Electro-Cap International, Inc.",motion,64,continuous,123,160,0,0,0
199,60,{'Description': 'N/A'},10-10,Left or right ear lobe,"Electro-Cap International, Inc.",motion,64,continuous,123,160,0,0,0
200,60,{'Description': 'N/A'},10-10,Left or right ear lobe,"Electro-Cap International, Inc.",motion,64,continuous,124,160,0,0,0
201,60,{'Description': 'N/A'},10-10,Left or right ear lobe,"Electro-Cap International, Inc.",motion,64,continuous,123,160,0,0,0
202,60,{'Description': 'N/A'},10-10,Left or right ear lobe,"Electro-Cap International, Inc.",motion,64,continuous,124,160,0,0,0
203,60,{'Description': 'N/A'},10-10,Left or right ear lobe,"Electro-Cap International, Inc.",motion,64,continuous,123,160,0,0,0
204,60,{'Description': 'N/A'},10-10,Left or right ear lobe,"Electro-Cap International, Inc.",motion,64,continuous,124,160,0,0,0
205,60,{'Description': 'N/A'},10-10,Left or right ear lobe,"Electro-Cap International, Inc.",motion,64,continuous,123,160,0,0,0
206,60,{'Description': 'N/A'},10-10,Left or right ear lobe,"Electro-Cap International, Inc.",motion,64,continuous,123,160,0,0,0
207,60,{'Description': 'N/A'},10-10,Left or right ear lobe,"Electro-Cap International, Inc.",motion,64,continuous,123,160,0,0,0
208,60,{'Description': 'N/A'},10-10,Left or right ear lobe,"Electro-Cap International, Inc.",motion,64,continuous,123,160,0,0,0
209,60,{'Description': 'N/A'},10-10,Left or right ear lobe,"Electro-Cap International, Inc.",motion,64,continuous,123,160,0,0,0
210,60,{'Description': 'N/A'},10-10,Left or right ear lobe,"Electro-Cap International, Inc.",motion,64,continuous,123,160,0,0,0
211,60,{'Description': 'N/A'},10-10,Left or right ear lobe,"Electro-Cap International, Inc.",motion,64,continuous,123,160,0,0,0
212,60,{'Description': 'N/A'},10-10,Left or right ear lobe,"Electro-Cap International, Inc.",motion,64,continuous,123,160,0,0,0
213,60,{'Description': 'N/A'},10-10,Left or right ear lobe,"Electro-Cap International, Inc.",motion,64,continuous,123,160,0,0,0
214,60,{'Description': 'N/A'},10-10,Left or right ear lobe,"Electro-Cap International, Inc.",motion,64,continuous,123,160,0,0,0
215,60,{'Description': 'N/A'},10-10,Left or right ear lobe,"Electro-Cap International, Inc.",motion,64,continuous,123,160,0,0,0
216,60,{'Description': 'N/A'},10-10,Left or right ear lobe,"Electro-Cap International, Inc.",motion,64,continuous,123,160,0,0,0
217,60,{'Description': 'N/A'},10-10,Left or right ear lobe,"Electro-Cap International, Inc.",motion,64,continuous,123,160,0,0,0
218,60,{'Description': 'N/A'},10-10,Left or right ear lobe,"Electro-Cap International, Inc.",motion,64,continuous,123,160,0,0,0
219,60,{'Description': 'N/A'},10-10,Left or right ear lobe,"Electro-Cap International, Inc.",motion,64,continuous,123,160,0,0,0
220,60,{'Description': 'N/A'},10-10,Left or right ear lobe,"Electro-Cap International, Inc.",motion,64,continuous,123,160,0,0,0
221,60,{'Description': 'N/A'},10-10,Left or right ear lobe,"Electro-Cap International, Inc.",motion,64,continuous,123,160,0,0,0
222,60,{'Description': 'N/A'},10-10,Left or right ear lobe,"Electro-Cap International, Inc.",motion,64,continuous,123,160,0,0,0
223,60,{'Description': 'N/A'},10-10,Left or right ear lobe,"Electro-Cap International, Inc.",motion,64,continuous,123,160,0,0,0
224,60,{'Description': 'N/A'},10-10,Left or right ear lobe,"Electro-Cap International, Inc.",motion,64,continuous,123,160,0,0,0
225,60,{'Description': 'N/A'},10-10,Left or right ear lobe,"Electro-Cap International, Inc.",motion,64,continuous,125,160,0,0,0
226,60,{'Description': 'N/A'},10-10,Left or right ear lobe,"Electro-Cap International, Inc.",motion,64,continuous,125,160,0,0,0
227,60,{'Description': 'N/A'},10-10,Left or right ear lobe,"Electro-Cap International, Inc.",motion,64,continuous,125,160,0,0,0
228,60,{'Description': 'N/A'},10-10,Left or right ear lobe,"Electro-Cap International, Inc.",motion,64,continuous,125,160,0,0,0
229,60,{'Description': 'N/A'},10-10,Left or right ear lobe,"Electro-Cap International, Inc.",motion,64,continuous,125,160,0,0,0
230,60,{'Description': 'N/A'},10-10,Left or right ear lobe,"Electro-Cap International, Inc.",motion,64,continuous,123,160,0,0,0
231,60,{'Description': 'N/A'},10-10,Left or right ear lobe,"Electro-Cap International, Inc.",motion,64,continuous,123,160,0,0,0
232,60,{'Description': 'N/A'},10-10,Left or right ear lobe,"Electro-Cap International, Inc.",motion,64,continuous,123,160,0,0,0
233,60,{'Description': 'N/A'},10-10,Left or right ear lobe,"Electro-Cap International, Inc.",motion,64,continuous,123,160,0,0,0
234,60,{'Description': 'N/A'},10-10,Left or right ear lobe,"Electro-Cap International, Inc.",motion,64,continuous,123,160,0,0,0
235,60,{'Description': 'N/A'},10-10,Left or right ear lobe,"Electro-Cap International, Inc.",motion,64,continuous,123,160,0,0,0
236,60,{'Description': 'N/A'},10-10,Left or right ear lobe,"Electro-Cap International, Inc.",motion,64,continuous,123,160,0,0,0
237,60,{'Description': 'N/A'},10-10,Left or right ear lobe,"Electro-Cap International, Inc.",motion,64,continuous,123,160,0,0,0
238,60,{'Description': 'N/A'},10-10,Left or right ear lobe,"Electro-Cap International, Inc.",motion,64,continuous,123,160,0,0,0
239,60,{'Description': 'N/A'},10-10,Left or right ear lobe,"Electro-Cap International, Inc.",motion,64,continuous,123,160,0,0,0
240,60,{'Description': 'N/A'},10-10,Left or right ear lobe,"Electro-Cap International, Inc.",motion,64,continuous,123,160,0,0,0
241,60,{'Description': 'N/A'},10-10,Left or right ear lobe,"Electro-Cap International, Inc.",motion,64,continuous,123,160,0,0,0
242,60,{'Description': 'N/A'},10-10,Left or right ear lobe,"Electro-Cap International, Inc.",motion,64,continuous,123,160,0,0,0
243,60,{'Description': 'N/A'},10-10,Left or right ear lobe,"Electro-Cap International, Inc.",motion,64,continuous,123,160,0,0,0
244,60,{'Description': 'N/A'},10-10,Left or right ear lobe,"Electro-Cap International, Inc.",motion,64,continuous,123,160,0,0,0
245,60,{'Description': 'N/A'},10-10,Left or right ear lobe,"Electro-Cap International, Inc.",motion,64,continuous,123,160,0,0,0
246,60,{'Description': 'N/A'},10-10,Left or right ear lobe,"Electro-Cap International, Inc.",motion,64,continuous,123,160,0,0,0
247,60,{'Description': 'N/A'},10-10,Left or right ear lobe,"Electro-Cap International, Inc.",motion,64,continuous,123,160,0,0,0
248,60,{'Description': 'N/A'},10-10,Left or right ear lobe,"Electro-Cap International, Inc.",motion,64,continuous,123,160,0,0,0
249,60,{'Description': 'N/A'},10-10,Left or right ear lobe,"Electro-Cap International, Inc.",motion,64,continuous,123,160,0,0,0
250,60,{'Description': 'N/A'},10-10,Left or right ear lobe,"Electro-Cap International, Inc.",motion,64,continuous,124,160,0,0,0
251,60,{'Description': 'N/A'},10-10,Left or right ear lobe,"Electro-Cap International, Inc.",motion,64,continuous,123,160,0,0,0
252,60,{'Description': 'N/A'},10-10,Left or right ear lobe,"Electro-Cap International, Inc.",motion,64,continuous,124,160,0,0,0
253,60,{'Description': 'N/A'},10-10,Left or right ear lobe,"Electro-Cap International, Inc.",motion,64,continuous,123,160,0,0,0
254,60,{'Description': 'N/A'},10-10,Left or right ear lobe,"Electro-Cap International, Inc.",motion,64,continuous,124,160,0,0,0
255,60,{'Description': 'N/A'},10-10,Left or right ear lobe,"Electro-Cap International, Inc.",motion,64,continuous,123,160,0,0,0
256,60,{'Description': 'N/A'},10-10,Left or right ear lobe,"Electro-Cap International, Inc.",motion,64,continuous,123,160,0,0,0
257,60,{'Description': 'N/A'},10-10,Left or right ear lobe,"Electro-Cap International, Inc.",motion,64,continuous,123,160,0,0,0
258,60,{'Description': 'N/A'},10-10,Left or right ear lobe,"Electro-Cap International, Inc.",motion,64,continuous,123,160,0,0,0
259,60,{'Description': 'N/A'},10-10,Left or right ear lobe,"Electro-Cap International, Inc.",motion,64,continuous,123,160,0,0,0
260,60,{'Description': 'N/A'},10-10,Left or right ear lobe,"Electro-Cap International, Inc.",motion,64,continuous,123,160,0,0,0
261,60,{'Description': 'N/A'},10-10,Left or right ear lobe,"Electro-Cap International, Inc.",motion,64,continuous,123,160,0,0,0
262,60,{'Description': 'N/A'},10-10,Left or right ear lobe,"Electro-Cap International, Inc.",motion,64,continuous,123,160,0,0,0
263,60,{'Description': 'N/A'},10-10,Left or right ear lobe,"Electro-Cap International, Inc.",motion,64,continuous,123,160,0,0,0
264,60,{'Description': 'N/A'},10-10,Left or right ear lobe,"Electro-Cap International, Inc.",motion,64,continuous,123,160,0,0,0
265,60,{'Description': 'N/A'},10-10,Left or right ear lobe,"Electro-Cap International, Inc.",motion,64,continuous,123,160,0,0,0
266,60,{'Description': 'N/A'},10-10,Left or right ear lobe,"Electro-Cap International, Inc.",motion,64,continuous,123,160,0,0,0
267,60,{'Description': 'N/A'},10-10,Left or right ear lobe,"Electro-Cap International, Inc.",motion,64,continuous,123,160,0,0,0
268,60,{'Description': 'N/A'},10-10,Left or right ear lobe,"Electro-Cap International, Inc.",motion,64,continuous,123,160,0,0,0
269,60,{'Description': 'N/A'},10-10,Left or right ear lobe,"Electro-Cap International, Inc.",motion,64,continuous,123,160,0,0,0
270,60,{'Description': 'N/A'},10-10,Left or right ear lobe,"Electro-Cap International, Inc.",motion,64,continuous,123,160,0,0,0
271,60,{'Description': 'N/A'},10-10,Left or right ear lobe,"Electro-Cap International, Inc.",motion,64,continuous,123,160,0,0,0
272,60,{'Description': 'N/A'},10-10,Left or right ear lobe,"Electro-Cap International, Inc.",motion,64,continuous,123,160,0,0,0
273,60,{'Description': 'N/A'},10-10,Left or right ear lobe,"Electro-Cap International, Inc.",motion,64,continuous,123,160,0,0,0
274,60,{'Description': 'N/A'},10-10,Left or right ear lobe,"Electro-Cap International, Inc.",motion,64,continuous,123,160,0,0,0
275,60,{'Description': 'N/A'},10-10,Left or right ear lobe,"Electro-Cap International, Inc.",motion,64,continuous,123,160,0,0,0
276,60,{'Description': 'N/A'},10-10,Left or right ear lobe,"Electro-Cap International, Inc.",motion,64,continuous,123,160,0,0,0
277,60,{'Description': 'N/A'},10-10,Left or right ear lobe,"Electro-Cap International, Inc.",motion,64,continuous,123,160,0,0,0
278,60,{'Description': 'N/A'},10-10,Left or right ear lobe,"Electro-Cap International, Inc.",motion,64,continuous,123,160,0,0,0
279,60,{'Description': 'N/A'},10-10,Left or right ear lobe,"Electro-Cap International, Inc.",motion,64,continuous,123,160,0,0,0
280,60,{'Description': 'N/A'},10-10,Left or right ear lobe,"Electro-Cap International, Inc.",motion,64,continuous,125,160,0,0,0
281,60,{'Description': 'N/A'},10-10,Left or right ear lobe,"Electro-Cap International, Inc.",motion,64,continuous,125,160,0,0,0
282,60,{'Description': 'N/A'},10-10,Left or right ear lobe,"Electro-Cap International, Inc.",motion,64,continuous,125,160,0,0,0
283,60,{'Description': 'N/A'},10-10,Left or right ear lobe,"Electro-Cap International, Inc.",motion,64,continuous,125,160,0,0,0
284,60,{'Description': 'N/A'},10-10,Left or right ear lobe,"Electro-Cap International, Inc.",motion,64,continuous,125,160,0,0,0
285,60,{'Description': 'N/A'},10-10,Left or right ear lobe,"Electro-Cap International, Inc.",motion,64,continuous,123,160,0,0,0
286,60,{'Description': 'N/A'},10-10,Left or right ear lobe,"Electro-Cap International, Inc.",motion,64,continuous,123,160,0,0,0
287,60,{'Description': 'N/A'},10-10,Left or right ear lobe,"Electro-Cap International, Inc.",motion,64,continuous,123,160,0,0,0
288,60,{'Description': 'N/A'},10-10,Left or right ear lobe,"Electro-Cap International, Inc.",motion,64,continuous,123,160,0,0,0
289,60,{'Description': 'N/A'},10-10,Left or right ear lobe,"Electro-Cap International, Inc.",motion,64,continuous,123,160,0,0,0
290,60,{'Description': 'N/A'},10-10,Left or right ear lobe,"Electro-Cap International, Inc.",motion,64,continuous,123,160,0,0,0
291,60,{'Description': 'N/A'},10-10,Left or right ear lobe,"Electro-Cap International, Inc.",motion,64,continuous,123,160,0,0,0
292,60,{'Description': 'N/A'},10-10,Left or right ear lobe,"Electro-Cap International, Inc.",motion,64,continuous,123,160,0,0,0
293,60,{'Description': 'N/A'},10-10,Left or right ear lobe,"Electro-Cap International, Inc.",motion,64,continuous,123,160,0,0,0
294,60,{'Description': 'N/A'},10-10,Left or right ear lobe,"Electro-Cap International, Inc.",motion,64,continuous,123,160,0,0,0
295,60,{'Description': 'N/A'},10-10,Left or right ear lobe,"Electro-Cap International, Inc.",motion,64,continuous,123,160,0,0,0
296,60,{'Description': 'N/A'},10-10,Left or right ear lobe,"Electro-Cap International, Inc.",motion,64,continuous,123,160,0,0,0
297,60,{'Description': 'N/A'},10-10,Left or right ear lobe,"Electro-Cap International, Inc.",motion,64,continuous,123,160,0,0,0
298,60,{'Description': 'N/A'},10-10,Left or right ear lobe,"Electro-Cap International, Inc.",motion,64,continuous,123,160,0,0,0
299,60,{'Description': 'N/A'},10-10,Left or right ear lobe,"Electro-Cap International, Inc.",motion,64,continuous,123,160,0,0,0
300,60,{'Description': 'N/A'},10-10,Left or right ear lobe,"Electro-Cap International, Inc.",motion,64,continuous,125,160,0,0,0
301,60,{'Description': 'N/A'},10-10,Left or right ear lobe,"Electro-Cap International, Inc.",motion,64,continuous,125,160,0,0,0
302,60,{'Description': 'N/A'},10-10,Left or right ear lobe,"Electro-Cap International, Inc.",motion,64,continuous,125,160,0,0,0
303,60,{'Description': 'N/A'},10-10,Left or right ear lobe,"Electro-Cap International, Inc.",motion,64,continuous,125,160,0,0,0
304,60,{'Description': 'N/A'},10-10,Left or right ear lobe,"Electro-Cap International, Inc.",motion,64,continuous,125,160,0,0,0
305,60,{'Description': 'N/A'},10-10,Left or right ear lobe,"Electro-Cap International, Inc.",motion,64,continuous,123,160,0,0,0
306,60,{'Description': 'N/A'},10-10,Left or right ear lobe,"Electro-Cap International, Inc.",motion,64,continuous,123,160,0,0,0
307,60,{'Description': 'N/A'},10-10,Left or right ear lobe,"Electro-Cap International, Inc.",motion,64,continuous,123,160,0,0,0
308,60,{'Description': 'N/A'},10-10,Left or right ear lobe,"Electro-Cap International, Inc.",motion,64,continuous,123,160,0,0,0
309,60,{'Description': 'N/A'},10-10,Left or right ear lobe,"Electro-Cap International, Inc.",motion,64,continuous,123,160,0,0,0
310,60,{'Description': 'N/A'},10-10,Left or right ear lobe,"Electro-Cap International, Inc.",motion,64,continuous,123,160,0,0,0
311,60,{'Description': 'N/A'},10-10,Left or right ear lobe,"Electro-Cap International, Inc.",motion,64,continuous,123,160,0,0,0
312,60,{'Description': 'N/A'},10-10,Left or right ear lobe,"Electro-Cap International, Inc.",motion,64,continuous,123,160,0,0,0
313,60,{'Description': 'N/A'},10-10,Left or right ear lobe,"Electro-Cap International, Inc.",motion,64,continuous,123,160,0,0,0
314,60,{'Description': 'N/A'},10-10,Left or right ear lobe,"Electro-Cap International, Inc.",motion,64,continuous,123,160,0,0,0
315,60,{'Description': 'N/A'},10-10,Left or right ear lobe,"Electro-Cap International, Inc.",motion,64,continuous,123,160,0,0,0
316,60,{'Description': 'N/A'},10-10,Left or right ear lobe,"Electro-Cap International, Inc.",motion,64,continuous,123,160,0,0,0
317,60,{'Description': 'N/A'},10-10,Left or right ear lobe,"Electro-Cap International, Inc.",motion,64,continuous,123,160,0,0,0
318,60,{'Description': 'N/A'},10-10,Left or right ear lobe,"Electro-Cap International, Inc.",motion,64,continuous,123,160,0,0,0
319,60,{'Description': 'N/A'},10-10,Left or right ear lobe,"Electro-Cap International, Inc.",motion,64,continuous,123,160,0,0,0
320,60,{'Description': 'N/A'},10-10,Left or right ear lobe,"Electro-Cap International, Inc.",motion,64,continuous,125,160,0,0,0
321,60,{'Description': 'N/A'},10-10,Left or right ear lobe,"Electro-Cap International, Inc.",motion,64,continuous,125,160,0,0,0
322,60,{'Description': 'N/A'},10-10,Left or right ear lobe,"Electro-Cap International, Inc.",motion,64,continuous,125,160,0,0,0
323,60,{'Description': 'N/A'},10-10,Left or right ear lobe,"Electro-Cap International, Inc.",motion,64,continuous,125,160,0,0,0
324,60,{'Description': 'N/A'},10-10,Left or right ear lobe,"Electro-Cap International, Inc.",motion,64,continuous,125,160,0,0,0
325,60,{'Description': 'N/A'},10-10,Left or right ear lobe,"Electro-Cap International, Inc.",motion,64,continuous,125,160,0,0,0
326,60,{'Description': 'N/A'},10-10,Left or right ear lobe,"Electro-Cap International, Inc.",motion,64,continuous,125,160,0,0,0
327,60,{'Description': 'N/A'},10-10,Left or right ear lobe,"Electro-Cap International, Inc.",motion,64,continuous,125,160,0,0,0
328,60,{'Description': 'N/A'},10-10,Left or right ear lobe,"Electro-Cap International, Inc.",motion,64,continuous,125,160,0,0,0
329,60,{'Description': 'N/A'},10-10,Left or right ear lobe,"Electro-Cap International, Inc.",motion,64,continuous,125,160,0,0,0
330,60,{'Description': 'N/A'},10-10,Left or right ear lobe,"Electro-Cap International, Inc.",motion,64,continuous,123,160,0,0,0
331,60,{'Description': 'N/A'},10-10,Left or right ear lobe,"Electro-Cap International, Inc.",motion,64,continuous,123,160,0,0,0
332,60,{'Description': 'N/A'},10-10,Left or right ear lobe,"Electro-Cap International, Inc.",motion,64,continuous,123,160,0,0,0
333,60,{'Description': 'N/A'},10-10,Left or right ear lobe,"Electro-Cap International, Inc.",motion,64,continuous,123,160,0,0,0
334,60,{'Description': 'N/A'},10-10,Left or right ear lobe,"Electro-Cap International, Inc.",motion,64,continuous,123,160,0,0,0
335,60,{'Description': 'N/A'},10-10,Left or right ear lobe,"Electro-Cap International, Inc.",motion,64,continuous,123,160,0,0,0
336,60,{'Description': 'N/A'},10-10,Left or right ear lobe,"Electro-Cap International, Inc.",motion,64,continuous,123,160,0,0,0
337,60,{'Description': 'N/A'},10-10,Left or right ear lobe,"Electro-Cap International, Inc.",motion,64,continuous,123,160,0,0,0
338,60,{'Description': 'N/A'},10-10,Left or right ear lobe,"Electro-Cap International, Inc.",motion,64,continuous,123,160,0,0,0
339,60,{'Description': 'N/A'},10-10,Left or right ear lobe,"Electro-Cap International, Inc.",motion,64,continuous,123,160,0,0,0
340,60,{'Description': 'N/A'},10-10,Left or right ear lobe,"Electro-Cap International, Inc.",motion,64,continuous,123,160,0,0,0
341,60,{'Description': 'N/A'},10-10,Left or right ear lobe,"Electro-Cap International, Inc.",motion,64,continuous,123,160,0,0,0
342,60,{'Description': 'N/A'},10-10,Left or right ear lobe,"Electro-Cap International, Inc.",motion,64,continuous,123,160,0,0,0
343,60,{'Description': 'N/A'},10-10,Left or right ear lobe,"Electro-Cap International, Inc.",motion,64,continuous,123,160,0,0,0
344,60,{'Description': 'N/A'},10-10,Left or right ear lobe,"Electro-Cap International, Inc.",motion,64,continuous,123,160,0,0,0
345,60,{'Description': 'N/A'},10-10,Left or right ear lobe,"Electro-Cap International, Inc.",motion,64,continuous,123,160,0,0,0
346,60,{'Description': 'N/A'},10-10,Left or right ear lobe,"Electro-Cap International, Inc.",motion,64,continuous,123,160,0,0,0
347,60,{'Description': 'N/A'},10-10,Left or right ear lobe,"Electro-Cap International, Inc.",motion,64,continuous,123,160,0,0,0
348,60,{'Description': 'N/A'},10-10,Left or right ear lobe,"Electro-Cap International, Inc.",motion,64,continuous,123,160,0,0,0
349,60,{'Description': 'N/A'},10-10,Left or right ear lobe,"Electro-Cap International, Inc.",motion,64,continuous,123,160,0,0,0
350,60,{'Description': 'N/A'},10-10,Left or right ear lobe,"Electro-Cap International, Inc.",motion,64,continuous,125,160,0,0,0
351,60,{'Description': 'N/A'},10-10,Left or right ear lobe,"Electro-Cap International, Inc.",motion,64,continuous,125,160,0,0,0
352,60,{'Description': 'N/A'},10-10,Left or right ear lobe,"Electro-Cap International, Inc.",motion,64,continuous,125,160,0,0,0
353,60,{'Description': 'N/A'},10-10,Left or right ear lobe,"Electro-Cap International, Inc.",motion,64,continuous,125,160,0,0,0
354,60,{'Description': 'N/A'},10-10,Left or right ear lobe,"Electro-Cap International, Inc.",motion,64,continuous,125,160,0,0,0
355,60,{'Description': 'N/A'},10-10,Left or right ear lobe,"Electro-Cap International, Inc.",motion,64,continuous,123,160,0,0,0
356,60,{'Description': 'N/A'},10-10,Left or right ear lobe,"Electro-Cap International, Inc.",motion,64,continuous,123,160,0,0,0
357,60,{'Description': 'N/A'},10-10,Left or right ear lobe,"Electro-Cap International, Inc.",motion,64,continuous,124,160,0,0,0
358,60,{'Description': 'N/A'},10-10,Left or right ear lobe,"Electro-Cap International, Inc.",motion,64,continuous,123,160,0,0,0
359,60,{'Description': 'N/A'},10-10,Left or right ear lobe,"Electro-Cap International, Inc.",motion,64,continuous,123,160,0,0,0
360,60,{'Description': 'N/A'},10-10,Left or right ear lobe,"Electro-Cap International, Inc.",motion,64,continuous,123,160,0,0,0
361,60,{'Description': 'N/A'},10-10,Left or right ear lobe,"Electro-Cap International, Inc.",motion,64,continuous,123,160,0,0,0
362,60,{'Description': 'N/A'},10-10,Left or right ear lobe,"Electro-Cap International, Inc.",motion,64,continuous,123,160,0,0,0
363,60,{'Description': 'N/A'},10-10,Left or right ear lobe,"Electro-Cap International, Inc.",motion,64,continuous,123,160,0,0,0
364,60,{'Description': 'N/A'},10-10,Left or right ear lobe,"Electro-Cap International, Inc.",motion,64,continuous,123,160,0,0,0
365,60,{'Description': 'N/A'},10-10,Left or right ear lobe,"Electro-Cap International, Inc.",motion,64,continuous,123,160,0,0,0
366,60,{'Description': 'N/A'},10-10,Left or right ear lobe,"Electro-Cap International, Inc.",motion,64,continuous,123,160,0,0,0
367,60,{'Description': 'N/A'},10-10,Left or right ear lobe,"Electro-Cap International, Inc.",motion,64,continuous,123,160,0,0,0
368,60,{'Description': 'N/A'},10-10,Left or right ear lobe,"Electro-Cap International, Inc.",motion,64,continuous,123,160,0,0,0
369,60,{'Description': 'N/A'},10-10,Left or right ear lobe,"Electro-Cap International, Inc.",motion,64,continuous,123,160,0,0,0
370,60,{'Description': 'N/A'},10-10,Left or right ear lobe,"Electro-Cap International, Inc.",motion,64,continuous,123,160,0,0,0
371,60,{'Description': 'N/A'},10-10,Left or right ear lobe,"Electro-Cap International, Inc.",motion,64,continuous,123,160,0,0,0
372,60,{'Description': 'N/A'},10-10,Left or right ear lobe,"Electro-Cap International, Inc.",motion,64,continuous,123,160,0,0,0
373,60,{'Description': 'N/A'},10-10,Left or right ear lobe,"Electro-Cap International, Inc.",motion,64,continuous,123,160,0,0,0
374,60,{'Description': 'N/A'},10-10,Left or right ear lobe,"Electro-Cap International, Inc.",motion,64,continuous,123,160,0,0,0
375,60,{'Description': 'N/A'},10-10,Left or right ear lobe,"Electro-Cap International, Inc.",motion,64,continuous,123,160,0,0,0
376,60,{'Description': 'N/A'},10-10,Left or right ear lobe,"Electro-Cap International, Inc.",motion,64,continuous,123,160,0,0,0
377,60,{'Description': 'N/A'},10-10,Left or right ear lobe,"Electro-Cap International, Inc.",motion,64,continuous,123,160,0,0,0
378,60,{'Description': 'N/A'},10-10,Left or right ear lobe,"Electro-Cap International, Inc.",motion,64,continuous,123,160,0,0,0
379,60,{'Description': 'N/A'},10-10,Left or right ear lobe,"Electro-Cap International, Inc.",motion,64,continuous,123,160,0,0,0
380,60,{'Description': 'N/A'},10-10,Left or right ear lobe,"Electro-Cap International, Inc.",motion,64,continuous,123,160,0,0,0
381,60,{'Description': 'N/A'},10-10,Left or right ear lobe,"Electro-Cap International, Inc.",motion,64,continuous,123,160,0,0,0
382,60,{'Description': 'N/A'},10-10,Left or right ear lobe,"Electro-Cap International, Inc.",motion,64,continuous,123,160,0,0,0
383,60,{'Description': 'N/A'},10-10,Left or right ear lobe,"Electro-Cap International, Inc.",motion,64,continuous,123,160,0,0,0
384,60,{'Description': 'N/A'},10-10,Left or right ear lobe,"Electro-Cap International, Inc.",motion,64,continuous,123,160,0,0,0
385,60,{'Description': 'N/A'},10-10,Left or right ear lobe,"Electro-Cap International, Inc.",motion,64,continuous,123,160,0,0,0
386,60,{'Description': 'N/A'},10-10,Left or right ear lobe,"Electro-Cap International, Inc.",motion,64,continuous,123,160,0,0,0
387,60,{'Description': 'N/A'},10-10,Left or right ear lobe,"Electro-Cap International, Inc.",motion,64,continuous,123,160,0,0,0
388,60,{'Description': 'N/A'},10-10,Left or right ear lobe,"Electro-Cap International, Inc.",motion,64,continuous,123,160,0,0,0
389,60,{'Description': 'N/A'},10-10,Left or right ear lobe,"Electro-Cap International, Inc.",motion,64,continuous,123,160,0,0,0
390,60,{'Description': 'N/A'},10-10,Left or right ear lobe,"Electro-Cap International, Inc.",motion,64,continuous,125,160,0,0,0
391,60,{'Description': 'N/A'},10-10,Left or right ear lobe,"Electro-Cap International, Inc.",motion,64,continuous,125,160,0,0,0
392,60,{'Description': 'N/A'},10-10,Left or right ear lobe,"Electro-Cap International, Inc.",motion,64,continuous,125,160,0,0,0
393,60,{'Description': 'N/A'},10-10,Left or right ear lobe,"Electro-Cap International, Inc.",motion,64,continuous,125,160,0,0,0
394,60,{'Description': 'N/A'},10-10,Left or right ear lobe,"Electro-Cap International, Inc.",motion,64,continuous,125,160,0,0,0
395,60,{'Description': 'N/A'},10-10,Left or right ear lobe,"Electro-Cap International, Inc.",motion,64,continuous,123,160,0,0,0
396,60,{'Description': 'N/A'},10-10,Left or right ear lobe,"Electro-Cap International, Inc.",motion,64,continuous,123,160,0,0,0
397,60,{'Description': 'N/A'},10-10,Left or right ear lobe,"Electro-Cap International, Inc.",motion,64,continuous,123,160,0,0,0
398,60,{'Description': 'N/A'},10-10,Left or right ear lobe,"Electro-Cap International, Inc.",motion,64,continuous,123,160,0,0,0
399,60,{'Description': 'N/A'},10-10,Left or right ear lobe,"Electro-Cap International, Inc.",motion,64,continuous,123,160,0,0,0
400,60,{'Description': 'N/A'},10-10,Left or right ear lobe,"Electro-Cap International, Inc.",motion,64,continuous,123,160,0,0,0
401,60,{'Description': 'N/A'},10-10,Left or right ear lobe,"Electro-Cap International, Inc.",motion,64,continuous,123,160,0,0,0
402,60,{'Description': 'N/A'},10-10,Left or right ear lobe,"Electro-Cap International, Inc.",motion,64,continuous,123,160,0,0,0
403,60,{'Description': 'N/A'},10-10,Left or right ear lobe,"Electro-Cap International, Inc.",motion,64,continuous,123,160,0,0,0
404,60,{'Description': 'N/A'},10-10,Left or right ear lobe,"Electro-Cap International, Inc.",motion,64,continuous,123,160,0,0,0
405,60,{'Description': 'N/A'},10-10,Left or right ear lobe,"Electro-Cap International, Inc.",motion,64,continuous,123,160,0,0,0
406,60,{'Description': 'N/A'},10-10,Left or right ear lobe,"Electro-Cap International, Inc.",motion,64,continuous,123,160,0,0,0
407,60,{'Description': 'N/A'},10-10,Left or right ear lobe,"Electro-Cap International, Inc.",motion,64,continuous,123,160,0,0,0
408,60,{'Description': 'N/A'},10-10,Left or right ear lobe,"Electro-Cap International, Inc.",motion,64,continuous,123,160,0,0,0
409,60,{'Description': 'N/A'},10-10,Left or right ear lobe,"Electro-Cap International, Inc.",motion,64,continuous,123,160,0,0,0
410,60,{'Description': 'N/A'},10-10,Left or right ear lobe,"Electro-Cap International, Inc.",motion,64,continuous,125,160,0,0,0
411,60,{'Description': 'N/A'},10-10,Left or right ear lobe,"Electro-Cap International, Inc.",motion,64,continuous,125,160,0,0,0
412,60,{'Description': 'N/A'},10-10,Left or right ear lobe,"Electro-Cap International, Inc.",motion,64,continuous,125,160,0,0,0
413,60,{'Description': 'N/A'},10-10,Left or right ear lobe,"Electro-Cap International, Inc.",motion,64,continuous,125,160,0,0,0
414,60,{'Description': 'N/A'},10-10,Left or right ear lobe,"Electro-Cap International, Inc.",motion,64,continuous,125,160,0,0,0
415,60,{'Description': 'N/A'},10-10,Left or right ear lobe,"Electro-Cap International, Inc.",motion,64,continuous,123,160,0,0,0
416,60,{'Description': 'N/A'},10-10,Left or right ear lobe,"Electro-Cap International, Inc.",motion,64,continuous,123,160,0,0,0
417,60,{'Description': 'N/A'},10-10,Left or right ear lobe,"Electro-Cap International, Inc.",motion,64,continuous,123,160,0,0,0
418,60,{'Description': 'N/A'},10-10,Left or right ear lobe,"Electro-Cap International, Inc.",motion,64,continuous,123,160,0,0,0
419,60,{'Description': 'N/A'},10-10,Left or right ear lobe,"Electro-Cap International, Inc.",motion,64,continuous,123,160,0,0,0
420,60,{'Description': 'N/A'},10-10,Left or right ear lobe,"Electro-Cap International, Inc.",motion,64,continuous,123,160,0,0,0
421,60,{'Description': 'N/A'},10-10,Left or right ear lobe,"Electro-Cap International, Inc.",motion,64,continuous,123,160,0,0,0
422,60,{'Description': 'N/A'},10-10,Left or right ear lobe,"Electro-Cap International, Inc.",motion,64,continuous,123,160,0,0,0
423,60,{'Description': 'N/A'},10-10,Left or right ear lobe,"Electro-Cap International, Inc.",motion,64,continuous,123,160,0,0,0
424,60,{'Description': 'N/A'},10-10,Left or right ear lobe,"Electro-Cap International, Inc.",motion,64,continuous,123,160,0,0,0
425,60,{'Description': 'N/A'},10-10,Left or right ear lobe,"Electro-Cap International, Inc.",motion,64,continuous,125,160,0,0,0
426,60,{'Description': 'N/A'},10-10,Left or right ear lobe,"Electro-Cap International, Inc.",motion,64,continuous,125,160,0,0,0
427,60,{'Description': 'N/A'},10-10,Left or right ear lobe,"Electro-Cap International, Inc.",motion,64,continuous,125,160,0,0,0
428,60,{'Description': 'N/A'},10-10,Left or right ear lobe,"Electro-Cap International, Inc.",motion,64,continuous,125,160,0,0,0
429,60,{'Description': 'N/A'},10-10,Left or right ear lobe,"Electro-Cap International, Inc.",motion,64,continuous,125,160,0,0,0
430,60,{'Description': 'N/A'},10-10,Left or right ear lobe,"Electro-Cap International, Inc.",motion,64,continuous,123,160,0,0,0
431,60,{'Description': 'N/A'},10-10,Left or right ear lobe,"Electro-Cap International, Inc.",motion,64,continuous,123,160,0,0,0
432,60,{'Description': 'N/A'},10-10,Left or right ear lobe,"Electro-Cap International, Inc.",motion,64,continuous,123,160,0,0,0
433,60,{'Description': 'N/A'},10-10,Left or right ear lobe,"Electro-Cap International, Inc.",motion,64,continuous,123,160,0,0,0
434,60,{'Description': 'N/A'},10-10,Left or right ear lobe,"Electro-Cap International, Inc.",motion,64,continuous,123,160,0,0,0
435,60,{'Description': 'N/A'},10-10,Left or right ear lobe,"Electro-Cap International, Inc.",motion,64,continuous,124,128,0,0,0
436,60,{'Description': 'N/A'},10-10,Left or right ear lobe,"Electro-Cap International, Inc.",motion,64,continuous,124,128,0,0,0
437,60,{'Description': 'N/A'},10-10,Left or right ear lobe,"Electro-Cap International, Inc.",motion,64,continuous,124,128,0,0,0
438,60,{'Description': 'N/A'},10-10,Left or right ear lobe,"Electro-Cap International, Inc.",motion,64,continuous,124,128,0,0,0
439,60,{'Description': 'N/A'},10-10,Left or right ear lobe,"Electro-Cap International, Inc.",motion,64,continuous,124,128,0,0,0
440,60,{'Description': 'N/A'},10-10,Left or right ear lobe,"Electro-Cap International, Inc.",motion,64,continuous,123,160,0,0,0
441,60,{'Description': 'N/A'},10-10,Left or right ear lobe,"Electro-Cap International, Inc.",motion,64,continuous,123,160,0,0,0
442,60,{'Description': 'N/A'},10-10,Left or right ear lobe,"Electro-Cap International, Inc.",motion,64,continuous,123,160,0,0,0
443,60,{'Description': 'N/A'},10-10,Left or right ear lobe,"Electro-Cap International, Inc.",motion,64,continuous,123,160,0,0,0
444,60,{'Description': 'N/A'},10-10,Left or right ear lobe,"Electro-Cap International, Inc.",motion,64,continuous,123,160,0,0,0
445,60,{'Description': 'N/A'},10-10,Left or right ear lobe,"Electro-Cap International, Inc.",motion,64,continuous,123,160,0,0,0
446,60,{'Description': 'N/A'},10-10,Left or right ear lobe,"Electro-Cap International, Inc.",motion,64,continuous,123,160,0,0,0
447,60,{'Description': 'N/A'},10-10,Left or right ear lobe,"Electro-Cap International, Inc.",motion,64,continuous,123,160,0,0,0
448,60,{'Description': 'N/A'},10-10,Left or right ear lobe,"Electro-Cap International, Inc.",motion,64,continuous,123,160,0,0,0
449,60,{'Description': 'N/A'},10-10,Left or right ear lobe,"Electro-Cap International, Inc.",motion,64,continuous,123,160,0,0,0
450,60,{'Description': 'N/A'},10-10,Left or right ear lobe,"Electro-Cap International, Inc.",motion,64,continuous,123,160,0,0,0
451,60,{'Description': 'N/A'},10-10,Left or right ear lobe,"Electro-Cap International, Inc.",motion,64,continuous,123,160,0,0,0
452,60,{'Description': 'N/A'},10-10,Left or right ear lobe,"Electro-Cap International, Inc.",motion,64,continuous,123,160,0,0,0
453,60,{'Description': 'N/A'},10-10,Left or right ear lobe,"Electro-Cap International, Inc.",motion,64,continuous,123,160,0,0,0
454,60,{'Description': 'N/A'},10-10,Left or right ear lobe,"Electro-Cap International, Inc.",motion,64,continuous,123,160,0,0,0
455,60,{'Description': 'N/A'},10-10,Left or right ear lobe,"Electro-Cap International, Inc.",motion,64,continuous,124,128,0,0,0
456,60,{'Description': 'N/A'},10-10,Left or right ear lobe,"Electro-Cap International, Inc.",motion,64,continuous,124,128,0,0,0
457,60,{'Description': 'N/A'},10-10,Left or right ear lobe,"Electro-Cap International, Inc.",motion,64,continuous,124,128,0,0,0
458,60,{'Description': 'N/A'},10-10,Left or right ear lobe,"Electro-Cap International, Inc.",motion,64,continuous,124,128,0,0,0
459,60,{'Description': 'N/A'},10-10,Left or right ear lobe,"Electro-Cap International, Inc.",motion,64,continuous,124,128,0,0,0
460,60,{'Description': 'N/A'},10-10,Left or right ear lobe,"Electro-Cap International, Inc.",motion,64,continuous,123,160,0,0,0
461,60,{'Description': 'N/A'},10-10,Left or right ear lobe,"Electro-Cap International, Inc.",motion,64,continuous,123,160,0,0,0
462,60,{'Description': 'N/A'},10-10,Left or right ear lobe,"Electro-Cap International, Inc.",motion,64,continuous,123,160,0,0,0
463,60,{'Description': 'N/A'},10-10,Left or right ear lobe,"Electro-Cap International, Inc.",motion,64,continuous,123,160,0,0,0
464,60,{'Description': 'N/A'},10-10,Left or right ear lobe,"Electro-Cap International, Inc.",motion,64,continuous,123,160,0,0,0
465,60,{'Description': 'N/A'},10-10,Left or right ear lobe,"Electro-Cap International, Inc.",motion,64,continuous,123,160,0,0,0
466,60,{'Description': 'N/A'},10-10,Left or right ear lobe,"Electro-Cap International, Inc.",motion,64,continuous,123,160,0,0,0
467,60,{'Description': 'N/A'},10-10,Left or right ear lobe,"Electro-Cap International, Inc.",motion,64,continuous,123,160,0,0,0
468,60,{'Description': 'N/A'},10-10,Left or right ear lobe,"Electro-Cap International, Inc.",motion,64,continuous,123,160,0,0,0
469,60,{'Description': 'N/A'},10-10,Left or right ear lobe,"Electro-Cap International, Inc.",motion,64,continuous,123,160,0,0,0
470,60,{'Description': 'N/A'},10-10,Left or right ear lobe,"Electro-Cap International, Inc.",motion,64,continuous,125,160,0,0,0
471,60,{'Description': 'N/A'},10-10,Left or right ear lobe,"Electro-Cap International, Inc.",motion,64,continuous,125,160,0,0,0
472,60,{'Description': 'N/A'},10-10,Left or right ear lobe,"Electro-Cap International, Inc.",motion,64,continuous,125,160,0,0,0
473,60,{'Description': 'N/A'},10-10,Left or right ear lobe,"Electro-Cap International, Inc.",motion,64,continuous,125,160,0,0,0
474,60,{'Description': 'N/A'},10-10,Left or right ear lobe,"Electro-Cap International, Inc.",motion,64,continuous,125,160,0,0,0
475,60,{'Description': 'N/A'},10-10,Left or right ear lobe,"Electro-Cap International, Inc.",motion,64,continuous,125,160,0,0,0
476,60,{'Description': 'N/A'},10-10,Left or right ear lobe,"Electro-Cap International, Inc.",motion,64,continuous,125,160,0,0,0
477,60,{'Description': 'N/A'},10-10,Left or right ear lobe,"Electro-Cap International, Inc.",motion,64,continuous,125,160,0,0,0
478,60,{'Description': 'N/A'},10-10,Left or right ear lobe,"Electro-Cap International, Inc.",motion,64,continuous,125,160,0,0,0
479,60,{'Description': 'N/A'},10-10,Left or right ear lobe,"Electro-Cap International, Inc.",motion,64,continuous,125,160,0,0,0
480,60,{'Description': 'N/A'},10-10,Left or right ear lobe,"Electro-Cap International, Inc.",motion,64,continuous,123,160,0,0,0
481,60,{'Description': 'N/A'},10-10,Left or right ear lobe,"Electro-Cap International, Inc.",motion,64,continuous,123,160,0,0,0
482,60,{'Description': 'N/A'},10-10,Left or right ear lobe,"Electro-Cap International, Inc.",motion,64,continuous,123,160,0,0,0
483,60,{'Description': 'N/A'},10-10,Left or right ear lobe,"Electro-Cap International, Inc.",motion,64,continuous,123,160,0,0,0
484,60,{'Description': 'N/A'},10-10,Left or right ear lobe,"Electro-Cap International, Inc.",motion,64,continuous,123,160,0,0,0
485,60,{'Description': 'N/A'},10-10,Left or right ear lobe,"Electro-Cap International, Inc.",motion,64,continuous,123,160,0,0,0
486,60,{'Description': 'N/A'},10-10,Left or right ear lobe,"Electro-Cap International, Inc.",motion,64,continuous,123,160,0,0,0
487,60,{'Description': 'N/A'},10-10,Left or right ear lobe,"Electro-Cap International, Inc.",motion,64,continuous,123,160,0,0,0
488,60,{'Description': 'N/A'},10-10,Left or right ear lobe,"Electro-Cap International, Inc.",motion,64,continuous,123,160,0,0,0
489,60,{'Description': 'N/A'},10-10,Left or right ear lobe,"Electro-Cap International, Inc.",motion,64,continuous,123,160,0,0,0
490,60,{'Description': 'N/A'},10-10,Left or right ear lobe,"Electro-Cap International, Inc.",motion,64,continuous,123,160,0,0,0
491,60,{'Description': 'N/A'},10-10,Left or right ear lobe,"Electro-Cap International, Inc.",motion,64,continuous,123,160,0,0,0
492,60,{'Description': 'N/A'},10-10,Left or right ear lobe,"Electro-Cap International, Inc.",motion,64,continuous,123,160,0,0,0
493,60,{'Description': 'N/A'},10-10,Left or right ear lobe,"Electro-Cap International, Inc.",motion,64,continuous,123,160,0,0,0
494,60,{'Description': 'N/A'},10-10,Left or right ear lobe,"Electro-Cap International, Inc.",motion,64,continuous,123,160,0,0,0
495,60,{'Description': 'N/A'},10-10,Left or right ear lobe,"Electro-Cap International, Inc.",motion,64,continuous,123,128,0,0,0
496,60,{'Description': 'N/A'},10-10,Left or right ear lobe,"Electro-Cap International, Inc.",motion,64,continuous,123,128,0,0,0
497,60,{'Description': 'N/A'},10-10,Left or right ear lobe,"Electro-Cap International, Inc.",motion,64,continuous,123,128,0,0,0
498,60,{'Description': 'N/A'},10-10,Left or right ear lobe,"Electro-Cap International, Inc.",motion,64,continuous,123,128,0,0,0
499,60,{'Description': 'N/A'},10-10,Left or right ear lobe,"Electro-Cap International, Inc.",motion,64,continuous,123,128,0,0,0
500,60,{'Description': 'N/A'},10-10,Left or right ear lobe,"Electro-Cap International, Inc.",motion,64,continuous,125,160,0,0,0
501,60,{'Description': 'N/A'},10-10,Left or right ear lobe,"Electro-Cap International, Inc.",motion,64,continuous,125,160,0,0,0
502,60,{'Description': 'N/A'},10-10,Left or right ear lobe,"Electro-Cap International, Inc.",motion,64,continuous,125,160,0,0,0
503,60,{'Description': 'N/A'},10-10,Left or right ear lobe,"Electro-Cap International, Inc.",motion,64,continuous,125,160,0,0,0
504,60,{'Description': 'N/A'},10-10,Left or right ear lobe,"Electro-Cap International, Inc.",motion,64,continuous,125,160,0,0,0
505,60,{'Description': 'N/A'},10-10,Left or right ear lobe,"Electro-Cap International, Inc.",motion,64,continuous,123,160,0,0,0
506,60,{'Description': 'N/A'},10-10,Left or right ear lobe,"Electro-Cap International, Inc.",motion,64,continuous,123,160,0,0,0
507,60,{'Description': 'N/A'},10-10,Left or right ear lobe,"Electro-Cap International, Inc.",motion,64,continuous,123,160,0,0,0
508,60,{'Description': 'N/A'},10-10,Left or right ear lobe,"Electro-Cap International, Inc.",motion,64,continuous,123,160,0,0,0
509,60,{'Description': 'N/A'},10-10,Left or right ear lobe,"Electro-Cap International, Inc.",motion,64,continuous,124,160,0,0,0
510,60,{'Description': 'N/A'},10-10,Left or right ear lobe,"Electro-Cap International, Inc.",motion,64,continuous,125,160,0,0,0
511,60,{'Description': 'N/A'},10-10,Left or right ear lobe,"Electro-Cap International, Inc.",motion,64,continuous,125,160,0,0,0
512,60,{'Description': 'N/A'},10-10,Left or right ear lobe,"Electro-Cap International, Inc.",motion,64,continuous,125,160,0,0,0
513,60,{'Description': 'N/A'},10-10,Left or right ear lobe,"Electro-Cap International, Inc.",motion,64,continuous,125,160,0,0,0
514,60,{'Description': 'N/A'},10-10,Left or right ear lobe,"Electro-Cap International, Inc.",motion,64,continuous,125,160,0,0,0
515,60,{'Description': 'N/A'},10-10,Left or right ear lobe,"Electro-Cap International, Inc.",motion,64,continuous,123,160,0,0,0
516,60,{'Description': 'N/A'},10-10,Left or right ear lobe,"Electro-Cap International, Inc.",motion,64,continuous,123,160,0,0,0
517,60,{'Description': 'N/A'},10-10,Left or right ear lobe,"Electro-Cap International, Inc.",motion,64,continuous,123,160,0,0,0
518,60,{'Description': 'N/A'},10-10,Left or right ear lobe,"Electro-Cap International, Inc.",motion,64,continuous,123,160,0,0,0
519,60,{'Description': 'N/A'},10-10,Left or right ear lobe,"Electro-Cap International, Inc.",motion,64,continuous,123,160,0,0,0
520,60,{'Description': 'N/A'},10-10,Left or right ear lobe,"Electro-Cap International, Inc.",motion,64,continuous,123,160,0,0,0
521,60,{'Description': 'N/A'},10-10,Left or right ear lobe,"Electro-Cap International, Inc.",motion,64,continuous,123,160,0,0,0
522,60,{'Description': 'N/A'},10-10,Left or right ear lobe,"Electro-Cap International, Inc.",motion,64,continuous,123,160,0,0,0
523,60,{'Description': 'N/A'},10-10,Left or right ear lobe,"Electro-Cap International, Inc.",motion,64,continuous,123,160,0,0,0
524,60,{'Description': 'N/A'},10-10,Left or right ear lobe,"Electro-Cap International, Inc.",motion,64,continuous,123,160,0,0,0
525,60,{'Description': 'N/A'},10-10,Left or right ear lobe,"Electro-Cap International, Inc.",motion,64,continuous,125,160,0,0,0
526,60,{'Description': 'N/A'},10-10,Left or right ear lobe,"Electro-Cap International, Inc.",motion,64,continuous,125,160,0,0,0
527,60,{'Description': 'N/A'},10-10,Left or right ear lobe,"Electro-Cap International, Inc.",motion,64,continuous,125,160,0,0,0
528,60,{'Description': 'N/A'},10-10,Left or right ear lobe,"Electro-Cap International, Inc.",motion,64,continuous,125,160,0,0,0
529,60,{'Description': 'N/A'},10-10,Left or right ear lobe,"Electro-Cap International, Inc.",motion,64,continuous,125,160,0,0,0
530,60,{'Description': 'N/A'},10-10,Left or right ear lobe,"Electro-Cap International, Inc.",motion,64,continuous,125,160,0,0,0
531,60,{'Description': 'N/A'},10-10,Left or right ear lobe,"Electro-Cap International, Inc.",motion,64,continuous,125,160,0,0,0
532,60,{'Description': 'N/A'},10-10,Left or right ear lobe,"Electro-Cap International, Inc.",motion,64,continuous,125,160,0,0,0
533,60,{'Description': 'N/A'},10-10,Left or right ear lobe,"Electro-Cap International, Inc.",motion,64,continuous,125,160,0,0,0
534,60,{'Description': 'N/A'},10-10,Left or right ear lobe,"Electro-Cap International, Inc.",motion,64,continuous,125,160,0,0,0
535,60,{'Description': 'N/A'},10-10,Left or right ear lobe,"Electro-Cap International, Inc.",motion,64,continuous,123,160,0,0,0
536,60,{'Description': 'N/A'},10-10,Left or right ear lobe,"Electro-Cap International, Inc.",motion,64,continuous,123,160,0,0,0
537,60,{'Description': 'N/A'},10-10,Left or right ear lobe,"Electro-Cap International, Inc.",motion,64,continuous,123,160,0,0,0
538,60,{'Description': 'N/A'},10-10,Left or right ear lobe,"Electro-Cap International, Inc.",motion,64,continuous,123,160,0,0,0
539,60,{'Description': 'N/A'},10-10,Left or right ear lobe,"Electro-Cap International, Inc.",motion,64,continuous,123,160,0,0,0
540,60,{'Description': 'N/A'},10-10,Left or right ear lobe,"Electro-Cap International, Inc.",motion,64,continuous,123,160,0,0,0
541,60,{'Description': 'N/A'},10-10,Left or right ear lobe,"Electro-Cap International, Inc.",motion,64,continuous,123,160,0,0,0
542,60,{'Description': 'N/A'},10-10,Left or right ear lobe,"Electro-Cap International, Inc.",motion,64,continuous,123,160,0,0,0
543,60,{'Description': 'N/A'},10-10,Left or right ear lobe,"Electro-Cap International, Inc.",motion,64,continuous,123,160,0,0,0
544,60,{'Description': 'N/A'},10-10,Left or right ear lobe,"Electro-Cap International, Inc.",motion,64,continuous,123,160,0,0,0
